{
  "step_make_pynq_driver": 0.04229116439819336,
  "step_synthesize_bitfile": 2780.8015995025635,
  "step_deployment_package": 1.347827672958374
}