{
  "cycles": 838,
  "runtime[ms]": 0.00838,
  "throughput[images/s]": 954653.9379474939,
  "DRAM_in_bandwidth[Mb/s]": 71.59904534606204,
  "DRAM_out_bandwidth[Mb/s]": 0.11933174224343673,
  "fclk[mhz]": 100.0,
  "N": 8,
  "latency_cycles": 229
}