{
  "step_tidy_up": 0.27747631072998047,
  "step_streamline": 1.522202730178833,
  "step_convert_to_hls": 0.026421308517456055,
  "step_create_dataflow_partition": 0.0032575130462646484,
  "step_target_fps_parallelization": 0.11730480194091797,
  "step_apply_folding_config": 1.6689300537109375e-06,
  "step_generate_estimate_reports": 5.0067901611328125e-06,
  "step_hls_codegen": 1.9107530117034912,
  "step_hls_ipgen": 236.45866513252258,
  "step_set_fifo_depths": 168.86931538581848,
  "step_create_stitched_ip": 19.009907960891724,
  "step_measure_rtlsim_performance": 14.000929832458496,
  "step_make_pynq_driver": 1.049041748046875e-05,
  "step_out_of_context_synthesis": 308.84676122665405,
  "step_synthesize_bitfile": 4.291534423828125e-05,
  "step_deployment_package": 2.5033950805664062e-05
}