{
  "step_tidy_up": 0.1802070140838623,
  "step_streamline": 0.8246467113494873,
  "step_convert_to_hls": 0.011451482772827148,
  "step_create_dataflow_partition": 0.007158994674682617,
  "step_target_fps_parallelization": 0.47142934799194336,
  "step_apply_folding_config": 1.6689300537109375e-06,
  "step_generate_estimate_reports": 3.5762786865234375e-06,
  "step_hls_codegen": 0.003256082534790039,
  "step_hls_ipgen": 2.8325939178466797,
  "step_make_pynq_driver": 0.05644106864929199,
  "step_synthesize_bitfile": 12862.817623853683,
  "step_deployment_package": 1.1951346397399902
}